Unnamed: 0,type,masked_account_number,link_ref_number,profile_holders_holder_address,profile_holders_holder_ckycCompliance,profile_holders_holder_dob,profile_holders_holder_email,profile_holders_holder_landline,profile_holders_holder_mobile,profile_holders_holder_name,profile_holders_holder_nominee,profile_holders_holder_pan,summary_balanceDateTime,summary_branch,summary_currency,summary_currentBalance,summary_currentODLimit,summary_drawingLimit,summary_exchgeRate,summary_facility,summary_ifscCode,summary_micrCode,summary_openingDate,summary_pending_amount,summary_pending_transactionType,summary_status,summary_type,transactions_endDate,transactions_startDate,transactions_transaction_amount,transactions_transaction_currentBalance,transactions_transaction_mode,transactions_transaction_narration,transactions_transaction_reference,transactions_transaction_transactionTimestamp,transactions_transaction_txnId,transactions_transaction_type,transactions_transaction_valueDate,total_debits,total_credits,average_transaction_amount,frequent_transaction_modes
0,0,5,398,188,1,140,33,0,59,90,0,312,0,0,0,250,0,0,0,0,366,306,22,0,1,1,0,0,0,49,288,1,7,83,264,323,1,100,26,175,162.0,1
1,1,73,347,327,0,269,5,0,223,28,0,356,1,4,0,391,0,0,0,1,108,255,19,0,1,0,1,0,0,185,226,2,5,319,217,136,1,202,101,175,589.0,2
2,0,316,169,7,1,164,16,0,63,49,1,203,2,6,0,73,0,0,0,1,316,331,70,0,0,0,0,0,0,20,36,0,3,337,75,48,0,47,186,13,74.0,0
3,1,119,58,377,0,229,87,0,398,8,0,353,3,3,0,353,0,0,0,1,258,389,131,0,0,1,0,0,0,1,116,2,4,161,0,111,1,80,0,175,20.0,2
4,1,211,18,51,1,289,44,0,114,0,1,121,4,4,0,176,0,0,0,1,114,396,346,0,0,1,1,0,0,6,201,0,2,156,391,33,0,119,186,3,27.0,0
5,1,175,363,289,0,206,66,0,230,90,0,101,5,1,0,385,0,0,0,0,301,310,89,0,0,0,1,0,0,31,172,2,6,388,370,220,1,220,15,175,100.0,2
6,1,57,228,183,1,353,86,0,305,51,0,10,6,1,0,319,0,0,0,0,207,176,360,0,0,1,0,0,0,3,229,2,8,50,63,317,1,21,1,175,22.0,2
7,0,179,382,342,1,200,94,0,154,88,1,113,7,8,0,346,0,0,0,0,144,299,137,0,1,0,1,0,0,108,385,2,3,268,351,108,1,117,60,175,332.0,2
8,0,260,254,274,0,43,75,0,54,43,0,370,8,9,0,345,0,0,0,0,283,224,246,0,1,1,1,0,0,317,278,2,1,96,302,82,1,222,179,175,970.0,2
9,0,72,142,53,0,279,40,0,142,76,1,258,9,5,0,136,0,0,0,0,156,102,126,0,1,1,1,0,0,312,95,2,1,94,361,319,0,29,186,170,952.0,2
10,1,222,40,316,0,217,63,0,203,38,0,64,10,6,0,230,0,0,0,1,9,193,224,0,0,0,1,0,0,144,67,2,5,184,392,20,1,171,79,175,461.0,2
11,1,296,71,263,1,323,35,0,126,33,0,95,11,8,0,123,0,0,0,0,329,119,46,0,1,1,1,0,0,150,323,0,7,239,367,327,0,1,186,83,475.0,0
12,0,154,297,206,0,30,58,0,10,69,0,105,12,6,0,287,0,0,0,0,80,183,328,0,1,0,0,0,0,101,283,2,5,349,1,99,0,3,186,53,310.0,2
13,1,21,122,98,1,29,40,0,310,94,0,345,13,1,0,14,0,0,0,1,236,237,141,0,0,1,1,0,0,69,84,1,0,59,232,349,0,159,186,41,226.0,1
14,1,303,241,20,1,112,47,0,28,29,0,331,14,8,0,288,0,0,0,0,124,74,241,0,1,1,0,0,0,207,142,0,8,316,209,247,1,101,113,175,670.0,0
15,0,220,61,45,1,122,54,0,39,50,0,308,15,4,0,205,0,0,0,0,61,45,262,0,1,0,0,0,0,264,290,1,1,86,113,206,0,159,186,147,826.0,1
16,0,301,305,159,0,268,68,0,301,68,0,366,16,3,0,107,0,0,0,0,171,80,261,0,0,0,1,0,0,8,144,2,1,365,213,75,0,193,186,4,30.0,2
17,1,73,31,111,1,47,88,0,86,94,1,231,17,1,0,101,0,0,0,1,12,88,187,0,0,1,0,0,0,318,108,2,3,134,176,74,1,77,180,175,971.0,2
18,0,124,103,370,0,168,21,0,129,54,0,215,18,2,0,194,0,0,0,1,65,350,232,0,0,0,1,0,0,120,331,0,8,31,312,167,0,220,186,67,381.0,0
19,1,253,28,146,1,315,9,0,17,62,1,44,19,6,0,270,0,0,0,1,58,146,323,0,1,1,0,0,0,160,1,2,4,71,119,391,0,94,186,91,522.0,2
20,0,55,392,187,1,207,16,0,269,56,0,337,20,1,0,22,0,0,0,1,157,61,106,0,0,0,0,0,0,237,311,2,8,130,94,258,0,105,186,134,770.0,2
21,0,192,170,305,1,394,97,0,334,16,0,190,21,4,0,232,0,0,0,1,174,162,117,0,1,1,1,0,0,233,29,2,9,46,23,226,1,78,129,175,758.0,2
22,0,5,387,186,1,23,65,0,298,37,0,53,22,0,0,121,0,0,0,0,122,270,36,0,0,1,1,0,0,88,137,2,2,255,98,353,0,194,186,49,280.0,2
23,1,34,349,239,0,387,90,0,144,10,1,355,23,3,0,375,0,0,0,0,132,62,219,0,0,1,1,0,0,244,57,1,2,76,56,179,1,52,134,175,789.0,1
24,0,207,330,43,1,119,5,0,3,26,0,37,24,5,0,140,0,0,0,1,139,392,287,0,1,1,0,0,0,17,364,2,1,340,87,124,1,205,9,175,67.0,2
25,0,123,141,128,0,199,19,0,254,46,0,194,25,0,0,45,0,0,0,1,367,329,310,0,1,0,1,0,0,14,352,1,9,207,183,262,0,144,186,9,52.0,1
26,0,112,336,107,1,138,29,0,58,28,0,273,26,7,0,351,0,0,0,1,375,371,101,0,0,0,1,0,0,172,264,2,5,312,181,39,1,218,91,175,551.0,2
27,0,79,226,216,0,321,11,0,113,61,1,252,27,2,0,251,0,0,0,1,111,112,236,0,1,0,0,0,0,131,399,2,8,387,253,127,0,81,186,74,420.0,2
28,1,313,118,17,0,110,16,0,263,2,0,242,28,6,0,263,0,0,0,0,204,147,153,0,0,1,1,0,0,277,370,1,5,324,149,350,1,81,154,175,863.0,1
29,0,102,246,390,1,56,35,0,47,45,1,397,29,8,0,128,0,0,0,1,198,168,348,0,1,1,1,0,0,314,31,1,7,84,116,181,0,42,186,171,955.0,1
30,1,46,6,163,1,175,42,0,153,32,0,126,30,1,0,185,0,0,0,1,3,229,78,0,1,0,1,0,0,23,160,0,7,398,9,357,1,83,13,175,83.0,0
31,0,314,324,172,1,350,85,0,384,73,0,360,31,1,0,83,0,0,0,1,25,265,189,0,1,1,0,0,0,122,181,0,8,167,364,81,1,65,66,175,388.0,0
32,1,157,203,244,1,59,80,0,164,80,1,179,32,1,0,246,0,0,0,0,388,395,53,0,1,0,0,0,0,210,319,0,6,186,274,13,1,232,116,175,689.0,0
33,0,62,209,292,0,55,65,0,267,29,1,98,33,3,0,325,0,0,0,0,119,109,211,0,0,0,1,0,0,213,156,0,2,40,385,104,0,30,186,121,695.0,0
34,0,154,272,0,0,241,32,0,16,15,1,25,34,2,0,349,0,0,0,1,386,263,357,0,1,1,0,0,0,133,281,0,3,230,123,376,0,133,186,75,424.0,0
35,0,76,353,32,1,152,33,0,370,89,0,42,35,6,0,24,0,0,0,1,64,369,185,0,0,0,1,0,0,156,225,2,6,303,284,8,0,117,186,88,515.0,2
36,0,279,56,367,1,155,27,0,21,54,1,256,36,3,0,117,0,0,0,1,382,1,319,0,0,0,1,0,0,71,118,0,5,334,290,17,0,61,186,43,236.0,0
37,0,223,125,119,1,109,68,0,396,6,0,209,37,6,0,28,0,0,0,0,66,222,80,0,0,1,1,0,0,316,249,2,8,392,195,307,0,41,186,172,966.0,2
38,0,181,75,173,1,21,24,0,356,22,0,102,38,6,0,139,0,0,0,1,137,327,205,0,0,0,0,0,0,205,115,1,5,181,206,369,0,92,186,118,653.0,1
39,1,237,36,199,0,85,8,0,94,50,1,338,39,0,0,224,0,0,0,0,203,359,66,0,1,0,0,0,0,142,120,2,0,360,145,69,0,95,186,80,454.0,2
40,1,36,69,225,0,235,10,0,197,2,1,227,40,4,0,89,0,0,0,0,338,92,166,0,0,0,0,0,0,291,367,1,2,158,327,239,1,18,165,175,903.0,1
41,1,113,97,62,1,380,35,0,367,23,0,283,41,8,0,350,0,0,0,0,18,336,299,0,1,1,0,0,0,177,27,1,3,60,18,173,1,174,94,175,564.0,1
42,0,115,151,202,1,208,94,0,131,94,1,30,42,3,0,360,0,0,0,1,359,315,24,0,0,0,1,0,0,191,251,1,7,218,44,231,1,49,105,175,608.0,1
43,1,144,251,280,0,309,11,0,162,53,1,48,43,3,0,81,0,0,0,0,253,21,300,0,0,0,1,0,0,46,92,2,2,104,352,154,0,181,186,28,148.0,2
44,1,142,121,11,0,369,57,0,74,65,0,93,44,3,0,335,0,0,0,0,368,377,163,0,0,0,1,0,0,15,123,1,6,138,331,192,1,25,8,175,56.0,1
45,1,86,73,185,1,107,9,0,241,21,0,110,45,5,0,377,0,0,0,1,223,375,316,0,0,0,1,0,0,303,220,0,3,308,162,27,0,166,186,162,923.0,0
46,0,142,374,358,0,6,33,0,308,73,0,295,46,8,0,88,0,0,0,1,140,244,345,0,0,1,0,0,0,124,68,1,1,342,373,51,1,130,67,175,391.0,1
47,0,245,87,330,1,310,32,0,316,92,1,327,47,5,0,109,0,0,0,0,123,386,263,0,0,0,0,0,0,90,214,1,4,107,25,371,0,62,186,51,283.0,1
48,0,290,159,394,1,156,36,0,381,23,0,100,48,1,0,20,0,0,0,1,250,189,29,0,0,1,0,0,0,54,77,1,9,44,335,66,1,232,28,175,186.0,1
49,1,39,309,396,0,284,47,0,205,97,1,214,49,8,0,55,0,0,0,0,238,55,285,0,0,0,1,0,0,116,302,0,7,335,61,288,0,150,186,64,369.0,0
50,0,168,185,149,1,95,95,0,371,42,0,361,50,1,0,163,0,0,0,0,102,159,205,0,1,1,0,0,0,282,242,1,0,28,362,54,1,78,157,175,879.0,1
51,0,155,202,348,0,221,96,0,330,21,1,116,51,3,0,330,0,0,0,0,345,95,283,0,0,0,1,0,0,281,386,2,1,92,277,4,0,189,186,156,875.0,2
52,0,184,162,392,0,145,0,0,325,75,1,152,52,6,0,228,0,0,0,1,56,325,275,0,0,1,1,0,0,147,103,0,1,227,279,313,1,74,81,175,468.0,0
53,1,45,133,194,1,334,1,0,220,90,1,322,53,3,0,317,0,0,0,0,308,104,379,0,1,0,0,0,0,323,19,2,6,182,238,160,1,207,184,175,989.0,2
54,0,116,51,100,1,154,14,0,378,56,1,310,54,9,0,265,0,0,0,1,263,38,305,0,1,0,1,0,0,201,221,2,3,357,339,279,1,91,110,175,644.0,2
55,0,268,65,103,0,24,81,0,261,89,1,196,55,0,0,122,0,0,0,0,70,399,115,0,0,1,0,0,0,210,335,2,7,370,190,22,1,57,116,175,689.0,2
56,0,42,394,50,0,392,19,0,231,24,1,47,56,7,0,184,0,0,0,1,106,345,43,0,1,1,1,0,0,41,314,1,9,350,197,273,0,132,186,24,131.0,1
57,0,10,376,60,0,99,17,0,326,82,0,332,57,4,0,165,0,0,0,1,29,254,142,0,1,1,1,0,0,130,133,1,6,229,141,92,0,163,186,73,419.0,1
58,0,178,174,383,1,92,52,0,179,72,1,399,58,1,0,304,0,0,0,1,36,379,1,0,0,1,1,0,0,224,303,2,4,215,258,389,1,223,124,175,736.0,2
59,0,139,198,212,1,281,93,0,6,25,0,33,59,9,0,341,0,0,0,1,309,313,234,0,0,1,0,0,0,111,2,0,4,243,62,86,1,198,61,175,341.0,0
60,0,21,17,190,0,189,85,0,340,88,1,341,60,6,0,303,0,0,0,1,16,323,3,0,0,1,1,0,0,164,313,1,1,144,291,237,1,198,88,175,533.0,1
61,1,43,385,325,1,45,61,0,198,95,0,119,61,1,0,355,0,0,0,0,113,118,330,0,1,1,1,0,0,229,23,1,3,109,8,332,1,198,126,175,749.0,1
62,0,288,3,369,1,60,13,0,111,38,0,12,62,6,0,179,0,0,0,0,239,179,134,0,0,1,1,0,0,42,301,0,7,148,337,249,0,140,186,25,133.0,0
63,0,155,215,155,0,111,66,0,27,69,0,285,63,0,0,215,0,0,0,0,46,347,190,0,0,1,1,0,0,300,381,2,3,114,85,253,0,145,186,160,916.0,2
64,1,320,104,141,0,365,11,0,234,71,1,205,64,7,0,305,0,0,0,0,179,319,99,0,0,1,1,0,0,240,233,2,7,159,165,221,0,211,186,136,781.0,2
65,0,15,92,362,1,141,19,0,20,49,0,318,65,1,0,324,0,0,0,1,341,212,197,0,1,0,1,0,0,116,153,2,8,343,247,316,0,145,186,64,369.0,2
66,0,226,74,384,0,338,71,0,34,0,1,62,66,7,0,135,0,0,0,1,91,366,324,0,0,1,1,0,0,24,351,2,1,142,320,10,0,116,186,14,84.0,2
67,1,38,279,145,0,66,48,0,382,26,1,103,67,1,0,102,0,0,0,1,87,225,338,0,1,1,1,0,0,155,355,2,2,263,292,328,0,229,186,87,507.0,2
68,1,17,225,44,0,228,35,0,125,79,0,153,68,0,0,384,0,0,0,0,125,186,230,0,0,1,0,0,0,269,382,2,9,238,377,299,1,165,150,175,832.0,2
69,1,154,117,211,0,388,84,0,23,46,0,142,69,5,0,309,0,0,0,1,98,90,245,0,0,1,1,0,0,279,282,0,8,72,31,270,0,53,186,155,870.0,0
70,0,187,286,76,0,135,37,0,89,14,0,89,70,4,0,214,0,0,0,1,271,144,360,0,1,0,0,0,0,196,372,2,2,34,304,254,1,203,107,175,624.0,2
71,0,103,368,243,0,280,44,0,84,85,0,245,71,5,0,289,0,0,0,1,107,220,17,0,0,1,1,0,0,102,234,0,7,111,286,15,0,40,186,54,315.0,0
72,1,197,99,226,1,38,47,0,357,69,1,27,72,2,0,97,0,0,0,0,216,230,127,0,1,1,1,0,0,243,360,2,1,172,239,3,1,24,133,175,787.0,2
73,0,199,397,275,1,371,31,0,91,17,1,4,73,8,0,321,0,0,0,1,63,156,326,0,0,1,1,0,0,141,271,2,7,198,65,289,1,49,76,175,452.0,2
74,0,82,130,248,0,65,97,0,352,84,0,49,74,9,0,362,0,0,0,1,244,177,179,0,1,0,1,0,0,65,33,1,5,389,47,137,1,148,36,175,221.0,1
75,0,6,24,228,0,316,38,0,76,91,0,183,75,3,0,396,0,0,0,1,295,13,151,0,0,1,0,0,0,256,107,0,7,20,21,219,1,214,141,175,806.0,0
76,0,235,136,3,1,71,45,0,123,58,1,210,76,7,0,222,0,0,0,0,55,356,113,0,0,1,1,0,0,108,96,1,7,178,227,379,1,153,60,175,332.0,1
77,0,141,282,298,0,80,38,0,0,29,0,351,77,8,0,56,0,0,0,0,265,58,117,0,1,1,0,0,0,255,317,1,0,241,214,32,1,47,140,175,805.0,1
78,0,90,299,19,0,354,13,0,279,49,1,159,78,2,0,111,0,0,0,1,158,303,327,0,0,1,1,0,0,320,253,2,7,112,135,102,1,70,181,175,980.0,2
79,1,310,1,268,1,320,97,0,88,19,1,284,79,1,0,394,0,0,0,1,145,221,157,0,0,1,0,0,0,163,98,2,4,313,83,150,0,59,186,94,531.0,2
80,1,285,256,110,1,9,55,0,283,14,1,6,80,7,0,18,0,0,0,0,307,106,294,0,1,1,1,0,0,70,35,0,8,300,107,385,0,211,186,42,231.0,0
81,0,186,39,158,1,100,24,0,33,50,0,317,81,3,0,149,0,0,0,1,193,73,297,0,1,0,0,0,0,21,130,1,2,341,228,257,1,95,11,175,77.0,1
82,0,200,310,99,1,67,85,0,119,64,0,145,82,3,0,137,0,0,0,0,292,291,349,0,1,1,0,0,0,55,60,2,3,115,88,166,1,210,29,175,188.0,2
83,1,75,356,261,1,294,60,0,177,83,0,392,83,4,0,358,0,0,0,0,69,387,161,0,0,0,0,0,0,281,322,2,2,163,265,266,1,79,156,175,875.0,2
84,0,312,364,218,0,258,4,0,388,23,0,9,84,8,0,31,0,0,0,0,329,126,83,0,1,0,0,0,0,134,338,2,3,367,315,61,0,67,186,76,429.0,2
85,0,121,29,91,0,238,61,0,68,81,1,364,85,5,0,169,0,0,0,0,221,198,19,0,0,1,0,0,0,126,28,2,6,152,42,129,1,1,68,175,400.0,2
86,1,277,187,291,0,282,28,0,350,7,1,13,86,6,0,50,0,0,0,1,155,67,129,0,1,0,0,0,0,167,154,1,1,191,321,146,0,93,186,97,541.0,1
87,0,165,84,104,1,358,58,0,191,34,1,195,87,6,0,30,0,0,0,0,324,243,256,0,0,0,1,0,0,189,55,0,1,252,86,238,1,137,104,175,603.0,0
88,1,152,10,260,0,367,69,0,105,60,1,160,88,0,0,54,0,0,0,1,43,297,68,0,0,1,1,0,0,176,131,0,8,73,2,135,0,152,186,102,563.0,0
89,1,322,124,1,1,90,41,0,168,92,1,157,89,6,0,151,0,0,0,1,192,85,138,0,1,0,0,0,0,18,262,2,0,272,58,18,0,114,186,11,68.0,2
90,1,259,52,29,0,339,65,0,195,79,1,268,90,5,0,279,0,0,0,1,37,40,220,0,1,1,0,0,0,16,94,1,6,368,365,394,0,149,186,10,57.0,1
91,0,64,365,10,1,345,8,0,335,94,1,21,91,9,0,361,0,0,0,0,305,355,181,0,1,0,0,0,0,195,299,1,1,363,109,234,1,149,106,175,621.0,1
92,0,105,20,151,0,8,57,0,307,43,1,22,92,3,0,90,0,0,0,1,79,188,333,0,1,1,0,0,0,246,162,2,2,69,33,223,1,204,136,175,791.0,2
93,0,97,194,89,1,288,97,0,22,75,0,18,93,9,0,207,0,0,0,0,310,312,22,0,0,1,1,0,0,57,294,1,2,23,371,103,1,153,31,175,195.0,1
94,1,218,343,46,1,70,45,0,182,53,0,35,94,1,0,354,0,0,0,1,112,292,369,0,1,1,0,0,0,283,147,2,7,235,210,12,1,189,158,175,881.0,2
95,1,91,329,140,1,257,11,0,362,80,1,177,95,0,0,388,0,0,0,0,201,161,193,0,0,0,1,0,0,251,112,0,0,157,101,188,0,44,186,140,799.0,0
96,1,238,208,180,0,312,43,0,222,2,1,31,96,9,0,67,0,0,0,0,105,320,21,0,1,1,1,0,0,238,307,2,9,82,222,185,1,126,131,175,773.0,2
97,1,109,46,347,0,57,7,0,233,81,1,81,97,5,0,99,0,0,0,0,67,308,365,0,1,1,0,0,0,154,17,2,7,21,3,35,0,96,186,86,497.0,2
98,1,250,219,58,1,37,43,0,275,30,1,136,98,8,0,198,0,0,0,0,306,78,144,0,1,0,0,0,0,216,22,2,8,253,79,271,0,97,186,123,699.0,2
99,1,136,173,153,0,239,21,0,375,86,1,289,99,7,0,285,0,0,0,1,10,131,100,0,0,0,0,0,0,178,254,2,7,234,230,352,0,107,186,103,566.0,2
100,1,48,318,312,0,390,30,0,225,83,1,82,100,5,0,84,0,0,0,1,381,120,178,0,1,1,1,0,0,26,10,0,6,66,126,109,0,99,186,16,91.0,0
101,0,110,268,121,0,307,47,0,194,38,0,99,101,5,0,201,0,0,0,1,197,219,82,0,1,0,0,0,0,253,356,0,6,326,95,205,0,45,186,142,802.0,0
102,0,162,285,371,1,139,78,0,30,40,1,43,102,2,0,4,0,0,0,0,178,211,274,0,0,0,0,0,0,76,18,2,9,154,307,94,0,184,186,45,251.0,2
103,1,195,231,130,1,273,0,0,354,66,0,286,103,8,0,16,0,0,0,1,385,63,243,0,1,1,1,0,0,226,184,0,6,390,349,91,1,46,125,175,742.0,0
104,0,129,354,322,1,297,3,0,303,4,1,148,104,6,0,307,0,0,0,0,217,383,84,0,1,0,1,0,0,67,210,1,2,328,299,112,0,162,186,39,224.0,1
105,1,27,102,101,0,157,82,0,167,77,0,282,105,0,0,277,0,0,0,1,163,362,6,0,1,1,0,0,0,202,128,1,9,15,220,26,0,50,186,116,647.0,1
106,0,51,62,361,1,103,8,0,250,93,0,313,106,0,0,365,0,0,0,1,332,15,257,0,0,1,0,0,0,1,42,1,7,257,269,267,1,57,0,175,20.0,1
107,1,298,331,355,1,213,9,0,236,79,1,389,107,3,0,237,0,0,0,1,7,191,183,0,1,0,0,0,0,175,300,0,8,141,332,72,0,173,186,101,560.0,0
108,1,275,359,154,0,73,48,0,35,14,0,128,108,0,0,255,0,0,0,0,384,232,122,0,0,0,0,0,0,252,12,1,0,74,169,80,0,162,186,141,801.0,1
109,1,23,0,278,1,175,17,0,165,98,1,176,109,2,0,327,0,0,0,0,387,381,188,0,0,0,1,0,0,19,222,2,1,51,255,186,0,146,186,12,73.0,2
110,0,311,165,5,0,396,21,0,130,7,0,46,110,5,0,227,0,0,0,1,222,385,0,0,1,1,1,0,0,248,188,0,1,209,36,96,1,87,138,175,793.0,0
111,0,108,322,71,1,362,86,0,247,40,1,197,111,8,0,3,0,0,0,0,140,394,67,0,0,0,0,0,0,77,152,0,5,338,382,320,1,218,41,175,252.0,0
112,0,312,110,329,1,187,38,0,243,93,0,363,112,2,0,382,0,0,0,1,59,241,312,0,0,0,0,0,0,245,16,0,2,382,323,214,1,177,135,175,790.0,0
113,0,130,12,222,0,89,53,0,43,42,0,288,113,6,0,241,0,0,0,0,315,223,362,0,1,0,0,0,0,138,257,2,7,12,248,392,0,73,186,78,439.0,2
114,0,122,94,360,0,198,8,0,37,67,1,321,114,9,0,189,0,0,0,1,228,276,174,0,1,0,1,0,0,310,316,0,6,281,84,340,0,83,186,168,947.0,0
115,1,150,190,270,1,15,29,0,193,47,1,97,115,0,0,143,0,0,0,1,281,164,269,0,0,1,0,0,0,311,179,2,6,43,328,255,0,4,186,169,948.0,2
116,0,228,352,253,1,173,79,0,272,31,1,305,116,0,0,233,0,0,0,0,297,287,366,0,0,1,1,0,0,45,383,2,0,63,60,71,1,37,22,175,144.0,2
117,0,246,196,174,0,62,8,0,239,74,0,292,117,6,0,244,0,0,0,1,5,149,164,0,1,1,1,0,0,184,141,1,7,75,293,217,1,175,100,175,586.0,1
118,0,299,280,115,1,177,11,0,192,83,0,257,118,6,0,210,0,0,0,1,75,226,95,0,1,1,1,0,0,246,312,2,3,287,296,228,1,213,136,175,791.0,2
119,0,61,378,387,0,244,53,0,189,55,1,134,119,9,0,8,0,0,0,0,143,32,242,0,0,1,1,0,0,319,261,2,6,279,148,363,0,143,186,173,973.0,2
120,0,137,11,346,0,340,17,0,358,20,0,137,120,3,0,160,0,0,0,1,33,370,57,0,0,1,1,0,0,294,272,2,3,150,127,184,1,99,168,175,907.0,2
121,0,44,168,201,0,255,14,0,77,39,0,38,121,8,0,392,0,0,0,0,90,281,110,0,0,0,1,0,0,95,46,1,7,25,6,171,1,18,53,175,292.0,1
122,0,248,229,299,0,68,72,0,204,20,0,60,122,9,0,254,0,0,0,0,41,307,44,0,0,0,1,0,0,296,73,1,5,353,234,58,1,22,170,175,909.0,1
123,1,269,15,124,0,292,50,0,82,80,0,388,123,4,0,223,0,0,0,1,377,342,364,0,0,0,1,0,0,289,396,1,5,30,125,302,0,17,186,158,898.0,1
124,0,155,242,114,1,48,36,0,18,43,0,63,124,6,0,113,0,0,0,0,161,268,87,0,1,1,0,0,0,47,255,1,7,100,128,335,1,185,24,175,153.0,1
125,0,0,341,335,0,34,44,0,52,64,1,191,125,1,0,39,0,0,0,0,274,236,291,0,0,0,1,0,0,315,53,1,7,226,309,88,1,69,178,175,956.0,1
126,1,181,360,200,0,5,90,0,36,38,0,274,126,6,0,245,0,0,0,0,378,175,158,0,0,0,0,0,0,218,232,1,5,19,270,224,1,71,119,175,715.0,1
127,1,252,154,229,1,64,41,0,235,71,0,161,127,5,0,383,0,0,0,1,246,290,34,0,0,1,1,0,0,190,389,0,8,45,324,134,0,133,186,109,604.0,0
128,0,0,195,254,1,293,60,0,346,76,1,304,128,7,0,356,0,0,0,1,68,22,309,0,1,1,0,0,0,145,321,0,4,254,318,377,1,110,80,175,462.0,0
129,1,227,293,47,1,246,78,0,90,42,1,23,129,1,0,348,0,0,0,1,210,378,258,0,0,0,1,0,0,43,343,2,5,373,218,68,0,117,186,26,134.0,2
130,1,242,59,87,1,252,87,0,71,89,1,278,130,4,0,312,0,0,0,0,209,20,353,0,0,0,0,0,0,139,39,0,3,399,350,63,1,19,75,175,440.0,0
131,1,183,78,65,1,205,77,0,48,69,1,69,131,2,0,249,0,0,0,1,389,81,84,0,1,1,1,0,0,89,266,1,2,119,19,40,0,181,186,50,282.0,1
132,0,219,319,351,0,132,77,0,186,6,1,365,132,4,0,328,0,0,0,1,181,245,80,0,0,0,1,0,0,179,216,0,1,37,15,278,1,142,96,175,572.0,0
133,1,99,16,301,0,296,50,0,85,85,0,34,133,8,0,234,0,0,0,0,173,4,218,0,1,0,1,0,0,203,71,1,3,147,357,244,0,155,186,117,649.0,1
134,0,210,132,372,0,243,48,0,344,70,0,255,134,0,0,92,0,0,0,0,189,93,124,0,0,1,0,0,0,140,119,2,9,395,20,1,0,194,186,79,443.0,2
135,1,162,358,356,0,311,8,0,353,38,1,250,135,4,0,127,0,0,0,0,116,5,75,0,1,1,1,0,0,168,32,0,0,266,150,56,0,94,186,98,542.0,0
136,1,188,346,311,0,216,19,0,314,87,0,281,136,4,0,399,0,0,0,1,370,155,221,0,0,0,1,0,0,105,219,2,9,185,297,215,1,214,59,175,321.0,2
137,0,81,271,134,0,379,21,0,296,20,1,78,137,4,0,216,0,0,0,1,220,96,120,0,1,1,0,0,0,287,70,0,6,301,366,7,1,136,162,175,891.0,0
138,0,160,266,169,1,16,34,0,150,54,0,335,138,5,0,374,0,0,0,0,101,372,380,0,1,0,0,0,0,185,127,2,7,260,178,333,0,9,186,107,589.0,2
139,0,125,179,267,1,254,7,0,1,6,1,174,139,2,0,252,0,0,0,1,183,253,186,0,1,1,1,0,0,182,231,1,2,128,344,90,1,164,98,175,580.0,1
140,1,216,82,177,0,332,77,0,187,44,1,315,140,9,0,238,0,0,0,0,322,128,59,0,0,0,1,0,0,169,175,1,3,139,120,378,1,136,89,175,547.0,1
141,1,8,23,313,0,286,70,0,172,51,1,263,141,1,0,2,0,0,0,0,298,364,130,0,0,1,0,0,0,118,296,1,3,383,66,16,0,159,186,65,379.0,1
142,1,151,180,14,1,42,39,0,383,0,0,224,142,3,0,19,0,0,0,1,296,110,132,0,0,0,1,0,0,12,166,0,2,170,250,120,1,67,7,175,48.0,0
143,1,321,76,136,0,74,65,0,181,6,1,265,143,9,0,52,0,0,0,1,352,113,358,0,0,0,1,0,0,274,158,0,3,280,215,197,0,120,186,152,852.0,0
144,0,236,64,271,1,194,52,0,8,95,0,94,144,5,0,220,0,0,0,1,8,8,238,0,0,0,1,0,0,132,334,1,1,173,122,165,1,6,71,175,422.0,1
145,1,68,339,214,0,166,63,0,72,97,0,333,145,5,0,35,0,0,0,0,164,50,77,0,1,1,1,0,0,121,38,1,3,285,308,374,0,81,186,68,386.0,1
146,1,194,367,176,1,256,89,0,92,80,1,314,146,2,0,308,0,0,0,1,360,44,64,0,0,0,1,0,0,228,65,2,7,93,368,245,0,226,186,130,746.0,2
147,0,140,390,366,0,215,71,0,252,20,0,254,147,6,0,310,0,0,0,1,234,94,41,0,0,1,1,0,0,214,345,0,7,274,374,294,0,143,186,122,696.0,0
148,0,118,267,8,0,148,12,0,291,90,1,374,148,4,0,86,0,0,0,1,126,280,350,0,0,0,0,0,0,202,177,0,4,165,136,70,0,219,186,116,647.0,0
149,0,22,42,48,1,272,88,0,169,76,0,123,149,9,0,262,0,0,0,0,218,136,8,0,1,1,1,0,0,83,286,0,0,137,71,180,1,84,45,175,262.0,0
150,1,261,13,314,1,121,60,0,149,39,1,19,150,0,0,156,0,0,0,1,27,19,31,0,0,1,1,0,0,154,83,0,5,384,103,182,0,135,186,86,497.0,0
151,0,291,395,331,1,69,72,0,201,4,1,114,151,9,0,66,0,0,0,0,358,35,103,0,0,1,1,0,0,13,263,1,1,197,300,277,0,186,186,8,51.0,1
152,0,265,14,78,1,51,56,0,145,53,0,383,152,4,0,10,0,0,0,1,46,122,293,0,0,1,0,0,0,74,157,2,4,228,375,315,1,113,38,175,244.0,2
153,1,267,35,63,0,237,25,0,228,46,1,241,153,3,0,372,0,0,0,1,291,59,227,0,1,0,1,0,0,305,139,0,0,325,207,246,0,123,186,164,931.0,0
154,1,262,98,284,1,336,56,0,295,68,1,58,154,4,0,357,0,0,0,0,356,114,155,0,1,1,0,0,0,133,388,2,0,2,196,354,1,42,72,175,424.0,2
155,0,117,248,227,1,104,5,0,257,79,0,155,155,1,0,155,0,0,0,0,100,368,159,0,1,1,1,0,0,250,170,2,9,179,13,380,0,187,186,139,795.0,2
156,1,7,321,113,0,142,15,0,81,22,1,70,156,9,0,380,0,0,0,0,188,340,363,0,0,0,1,0,0,208,379,0,2,47,26,287,1,84,114,175,681.0,0
157,0,57,205,303,1,374,56,0,166,54,1,77,157,0,0,87,0,0,0,1,159,167,107,0,0,1,1,0,0,259,359,1,1,251,156,158,1,216,143,175,814.0,1
158,1,29,166,102,0,360,97,0,360,92,0,248,158,7,0,301,0,0,0,1,21,134,23,0,0,1,1,0,0,216,44,1,4,347,89,153,0,40,186,123,699.0,1
159,0,12,304,109,0,220,50,0,232,18,1,185,159,1,0,297,0,0,0,1,51,215,96,0,1,0,0,0,0,187,260,1,1,217,305,130,1,122,102,175,598.0,1
160,0,167,30,166,1,39,95,0,26,0,1,221,160,2,0,70,0,0,0,0,312,231,139,0,0,1,1,0,0,157,327,1,7,391,142,322,0,103,186,89,516.0,1
161,1,154,234,256,0,94,94,0,332,42,1,171,161,4,0,41,0,0,0,0,304,181,111,0,0,1,1,0,0,66,200,2,0,117,114,169,0,157,186,38,222.0,2
162,1,273,115,326,0,128,84,0,264,50,1,66,162,9,0,145,0,0,0,1,93,282,264,0,0,1,0,0,0,275,122,0,3,369,124,368,1,68,153,175,856.0,0
163,0,135,93,283,0,204,81,0,55,86,1,352,163,8,0,174,0,0,0,0,13,25,94,0,1,1,1,0,0,55,185,1,2,110,394,100,0,34,186,34,188.0,1
164,0,270,222,350,0,18,18,0,7,12,0,329,164,1,0,364,0,0,0,1,249,192,119,0,0,0,1,0,0,227,114,0,9,81,96,282,0,42,186,129,744.0,0
165,0,134,139,375,0,253,72,0,146,67,0,200,165,8,0,320,0,0,0,0,235,129,35,0,0,1,0,0,0,284,99,0,2,248,112,43,1,90,159,175,882.0,0
166,0,196,313,281,1,87,56,0,216,7,0,235,166,3,0,110,0,0,0,1,23,326,38,0,1,1,1,0,0,19,189,1,7,136,326,125,1,28,10,175,73.0,1
167,0,309,155,37,1,234,30,0,124,12,0,147,167,3,0,77,0,0,0,1,117,9,204,0,1,1,1,0,0,86,174,2,1,291,325,285,1,199,47,175,278.0,2
168,0,154,389,191,1,314,94,0,135,79,0,16,168,8,0,240,0,0,0,1,82,123,304,0,0,1,0,0,0,117,51,1,8,256,174,373,1,195,64,175,370.0,1
169,1,208,214,75,0,105,39,0,277,85,0,354,169,4,0,33,0,0,0,1,259,338,305,0,1,1,0,0,0,170,384,2,8,290,388,37,1,157,90,175,549.0,2
170,0,244,109,74,0,304,79,0,152,53,1,186,170,3,0,231,0,0,0,1,302,238,42,0,1,1,1,0,0,45,377,2,4,249,175,235,1,179,22,175,144.0,2
171,1,158,223,389,1,88,54,0,287,60,1,290,171,3,0,32,0,0,0,1,72,199,149,0,0,1,0,0,0,270,274,0,4,355,242,193,1,72,151,175,833.0,0
172,1,147,320,320,1,386,83,0,237,51,0,325,172,5,0,144,0,0,0,1,196,321,165,0,0,1,1,0,0,128,82,2,7,214,182,362,1,38,70,175,410.0,2
173,0,173,213,294,1,101,2,0,171,62,1,0,173,7,0,130,0,0,0,1,313,163,313,0,1,1,1,0,0,198,105,0,8,329,22,264,0,51,186,114,638.0,0
174,0,104,143,108,1,308,9,0,133,46,0,198,174,5,0,282,0,0,0,0,185,91,47,0,1,0,1,0,0,298,165,1,9,103,34,236,1,4,171,175,912.0,1
175,1,166,366,230,1,212,94,0,366,75,1,260,175,7,0,178,0,0,0,0,136,289,61,0,1,1,0,0,0,225,163,2,0,202,69,147,0,32,186,128,741.0,2
176,1,52,379,319,1,291,60,0,137,47,0,73,176,1,0,76,0,0,0,0,293,228,154,0,1,1,1,0,0,33,182,0,9,331,140,55,1,143,17,175,107.0,0
177,0,182,210,165,1,77,82,0,395,60,1,138,177,2,0,332,0,0,0,0,44,248,113,0,0,0,1,0,0,64,394,2,2,293,322,107,0,60,186,37,219.0,2
178,1,230,131,171,1,368,8,0,297,82,0,373,178,7,0,25,0,0,0,0,212,31,347,0,0,0,1,0,0,61,347,1,4,385,198,387,1,181,35,175,213.0,1
179,0,4,386,162,0,167,12,0,315,97,1,239,179,9,0,264,0,0,0,1,109,139,192,0,0,1,0,0,0,236,196,0,9,106,266,318,0,26,186,133,767.0,0
180,0,190,312,57,0,219,66,0,351,95,1,29,180,8,0,268,0,0,0,1,290,293,335,0,0,0,1,0,0,80,353,2,7,372,319,211,0,149,186,46,255.0,2
181,1,122,149,379,0,359,64,0,343,36,1,146,181,8,0,68,0,0,0,0,272,216,268,0,1,1,0,0,0,72,285,2,9,346,53,53,0,231,186,44,239.0,2
182,1,138,316,349,0,203,46,0,386,31,1,264,182,0,0,280,0,0,0,1,361,140,337,0,0,0,1,0,0,219,5,1,7,61,137,306,1,4,120,175,716.0,1
183,0,224,68,96,0,370,62,0,336,72,0,158,183,8,0,294,0,0,0,1,273,153,276,0,0,1,1,0,0,51,150,0,4,358,12,132,0,171,186,30,177.0,0
184,0,110,383,21,0,287,38,0,29,90,1,387,184,2,0,37,0,0,0,0,351,37,301,0,1,1,0,0,0,290,259,2,3,177,353,113,1,159,164,175,900.0,2
185,0,25,337,273,0,96,6,0,45,64,1,125,185,4,0,183,0,0,0,1,172,275,217,0,1,1,0,0,0,106,395,0,7,336,317,303,0,15,186,56,324.0,0
186,1,289,150,94,1,302,2,0,273,11,1,28,186,8,0,395,0,0,0,0,225,2,201,0,1,0,1,0,0,194,64,2,1,240,4,329,0,13,186,112,612.0,2
187,0,244,249,398,1,22,17,0,176,38,0,376,187,2,0,44,0,0,0,1,57,284,13,0,0,1,1,0,0,75,368,1,2,169,201,216,1,83,39,175,246.0,1
188,0,88,119,126,0,183,72,0,282,3,1,343,188,9,0,173,0,0,0,0,141,132,55,0,1,1,1,0,0,40,207,2,1,366,24,141,1,16,21,175,128.0,2
189,1,317,344,223,0,123,25,0,329,85,1,32,189,1,0,103,0,0,0,1,14,314,81,0,0,1,1,0,0,143,180,0,6,135,256,161,1,225,78,175,457.0,0
190,0,232,22,193,0,248,34,0,40,11,0,7,190,3,0,191,0,0,0,0,333,322,325,0,0,1,1,0,0,96,13,1,0,149,160,30,0,12,186,52,294.0,1
191,0,9,348,269,1,343,87,0,13,87,1,391,191,6,0,275,0,0,0,0,342,53,318,0,1,1,0,0,0,27,159,0,7,65,346,6,0,27,186,17,92.0,0
192,1,176,171,272,0,26,18,0,285,44,1,217,192,7,0,221,0,0,0,1,85,82,226,0,1,0,0,0,0,193,269,0,2,14,338,155,0,69,186,111,611.0,0
193,0,46,135,240,1,108,16,0,218,84,0,117,193,8,0,17,0,0,0,0,121,49,222,0,0,0,1,0,0,165,333,2,3,351,39,29,0,196,186,95,536.0,2
194,0,284,207,352,0,236,52,0,364,11,1,68,194,9,0,359,0,0,0,1,268,84,277,0,0,1,1,0,0,295,168,0,4,160,54,105,1,198,169,175,908.0,0
195,1,85,53,399,0,261,88,0,202,91,1,372,195,9,0,187,0,0,0,1,282,360,320,0,0,0,1,0,0,276,363,2,7,225,37,164,0,198,186,153,862.0,2
196,1,208,81,318,0,224,42,0,290,15,0,249,196,2,0,59,0,0,0,1,84,0,23,0,0,1,0,0,0,308,325,1,5,393,306,34,1,137,175,175,942.0,1
197,0,189,281,182,1,186,20,0,327,77,0,302,197,8,0,338,0,0,0,1,365,351,272,0,1,1,0,0,0,153,136,1,3,245,193,50,0,112,186,85,496.0,1
198,0,319,50,39,1,364,73,0,147,38,1,369,198,1,0,258,0,0,0,0,49,115,315,0,1,0,0,0,0,72,171,1,6,297,345,356,0,122,186,44,239.0,1
199,0,77,290,219,1,165,47,0,323,89,1,75,199,4,0,276,0,0,0,1,166,397,191,0,1,0,1,0,0,157,169,2,8,54,254,312,0,104,186,89,516.0,2
200,0,31,317,68,1,264,49,0,14,43,1,253,200,3,0,259,0,0,0,1,372,264,280,0,1,0,1,0,0,135,391,0,1,244,194,366,1,68,73,175,433.0,0
201,0,241,107,82,0,98,90,0,67,96,0,144,201,6,0,188,0,0,0,1,233,169,18,0,0,0,1,0,0,93,376,1,7,377,49,222,1,98,51,175,288.0,1
202,0,18,283,238,1,184,96,0,207,33,1,15,202,8,0,53,0,0,0,1,363,288,11,0,0,0,1,0,0,179,265,0,9,101,154,358,0,28,186,104,572.0,0
203,0,214,137,213,0,240,88,0,347,30,0,139,203,8,0,397,0,0,0,1,20,204,331,0,0,0,1,0,0,297,276,0,7,123,172,343,0,233,186,159,911.0,0
204,1,127,377,308,1,217,80,0,300,91,1,277,204,4,0,260,0,0,0,0,167,373,306,0,1,1,1,0,0,94,250,1,3,108,261,275,1,43,52,175,291.0,1
205,1,292,338,112,1,28,47,0,260,66,1,395,205,3,0,75,0,0,0,0,327,260,372,0,0,1,1,0,0,181,398,0,7,70,185,140,1,228,97,175,579.0,0
206,0,164,188,35,1,225,14,0,246,49,1,1,206,1,0,389,0,0,0,1,227,12,14,0,0,1,0,0,0,183,223,1,9,0,177,189,0,219,186,106,582.0,1
207,1,320,381,234,0,133,16,0,271,19,0,394,207,1,0,340,0,0,0,1,169,398,143,0,1,1,1,0,0,39,393,1,7,97,67,210,1,44,20,175,124.0,1
208,0,111,294,231,1,36,85,0,365,71,1,208,208,4,0,60,0,0,0,1,151,246,159,0,0,0,1,0,0,137,270,2,6,89,108,19,1,31,74,175,436.0,2
209,0,308,201,258,0,385,48,0,49,88,0,207,209,3,0,58,0,0,0,1,200,154,298,0,0,1,0,0,0,85,344,1,4,276,395,338,1,227,46,175,277.0,1
210,1,106,373,133,0,25,90,0,173,71,1,166,210,0,0,266,0,0,0,1,288,185,194,0,0,1,1,0,0,215,240,0,2,7,342,297,1,134,117,175,697.0,0
211,1,63,362,363,0,301,37,0,64,28,1,330,211,2,0,318,0,0,0,0,135,334,233,0,0,0,0,0,0,291,237,0,6,11,330,397,1,230,165,175,903.0,0
212,0,287,258,73,0,381,43,0,338,44,0,390,212,4,0,120,0,0,0,1,130,172,370,0,1,0,1,0,0,233,213,2,6,189,383,14,1,39,129,175,758.0,2
213,1,264,204,247,0,331,2,0,56,94,1,8,213,1,0,153,0,0,0,0,240,311,373,0,0,1,1,0,0,110,373,1,0,105,151,344,0,139,186,59,339.0,1
214,1,107,327,357,0,231,24,0,359,15,0,238,214,0,0,159,0,0,0,1,26,203,254,0,1,1,1,0,0,204,366,0,0,362,10,194,1,13,111,175,652.0,0
215,0,315,262,142,0,126,38,0,120,27,0,11,215,3,0,91,0,0,0,0,73,196,13,0,1,0,1,0,0,68,34,2,8,41,294,191,0,7,186,40,225.0,2
216,0,170,129,178,0,267,93,0,394,86,0,279,216,9,0,11,0,0,0,1,266,269,114,0,1,0,0,0,0,309,341,1,4,98,208,351,0,85,186,167,945.0,1
217,0,195,184,277,1,352,81,0,95,62,1,2,217,8,0,126,0,0,0,0,160,52,286,0,1,0,1,0,0,221,215,0,3,201,272,398,1,176,121,175,720.0,0
218,0,7,26,38,0,366,72,0,70,81,1,287,218,7,0,253,0,0,0,0,202,116,339,0,0,0,1,0,0,60,357,0,2,332,363,47,1,52,34,175,212.0,0
219,0,302,284,266,1,363,36,0,57,52,1,154,219,9,0,186,0,0,0,0,78,239,160,0,1,1,0,0,0,268,293,1,4,270,73,370,0,124,186,148,831.0,1
220,0,172,255,250,1,300,81,0,391,31,0,127,220,0,0,152,0,0,0,0,254,210,342,0,1,1,0,0,0,271,75,0,6,36,179,305,0,114,186,150,841.0,0
221,1,244,399,79,0,178,74,0,280,10,0,52,221,1,0,181,0,0,0,0,331,7,28,0,0,1,1,0,0,288,235,0,4,56,159,168,1,9,163,175,892.0,0
222,1,149,236,245,1,143,86,0,106,20,1,272,222,8,0,225,0,0,0,0,5,171,223,0,1,1,0,0,0,312,0,0,3,118,257,395,1,215,176,175,952.0,0
223,1,191,106,302,0,115,66,0,392,17,1,180,223,7,0,13,0,0,0,0,317,69,123,0,1,1,0,0,0,158,387,1,3,242,229,52,1,103,85,175,518.0,1
224,0,292,19,279,1,7,62,0,122,90,1,54,224,0,0,42,0,0,0,0,138,137,180,0,0,1,0,0,0,174,59,1,3,162,99,25,0,100,186,100,555.0,1
225,0,177,146,138,0,306,70,0,44,78,0,3,225,3,0,363,0,0,0,0,321,174,252,0,0,0,0,0,0,125,43,1,8,302,240,310,0,88,186,71,392.0,1
226,0,249,238,323,0,86,97,0,227,11,1,149,226,9,0,148,0,0,0,0,248,75,152,0,0,1,1,0,0,35,183,2,4,24,144,151,1,127,18,175,112.0,2
227,1,72,212,148,1,10,10,0,107,47,1,342,227,1,0,116,0,0,0,0,48,33,314,0,0,0,1,0,0,236,212,0,8,275,152,347,0,213,186,133,767.0,0
228,0,101,270,131,1,180,84,0,240,59,0,340,228,1,0,369,0,0,0,0,241,285,30,0,0,0,1,0,0,262,143,1,7,386,80,97,0,93,186,146,823.0,1
229,0,133,351,304,0,383,86,0,140,35,0,213,229,8,0,48,0,0,0,0,50,247,268,0,1,0,1,0,0,5,190,2,9,345,115,232,0,102,186,2,26.0,2
230,1,189,259,54,1,391,54,0,102,37,0,357,230,6,0,100,0,0,0,0,279,267,196,0,0,1,1,0,0,257,138,0,7,236,396,218,1,72,142,175,807.0,0
231,0,204,153,262,0,197,69,0,32,24,0,96,231,5,0,93,0,0,0,1,86,251,334,0,1,0,1,0,0,281,227,1,5,155,130,115,1,79,156,175,875.0,1
232,0,305,189,297,1,40,53,0,185,37,0,328,232,8,0,95,0,0,0,0,120,83,210,0,1,0,1,0,0,54,21,2,6,286,188,252,0,172,186,33,186.0,2
233,0,180,303,93,0,349,90,0,387,1,0,300,233,8,0,197,0,0,0,0,40,295,308,0,0,0,0,0,0,162,267,0,6,271,259,93,0,105,186,93,530.0,0
234,1,39,127,393,1,172,37,0,324,71,0,156,234,0,0,27,0,0,0,0,30,152,237,0,1,1,0,0,0,292,62,0,1,18,287,248,1,155,166,175,905.0,0
235,0,139,148,66,0,201,96,0,256,47,0,162,235,2,0,278,0,0,0,0,88,98,251,0,0,0,0,0,0,173,217,0,9,216,81,110,1,36,92,175,552.0,0
236,1,299,186,257,1,46,91,0,221,43,1,362,236,0,0,269,0,0,0,1,318,66,85,0,0,1,0,0,0,232,328,2,6,79,170,195,0,2,186,131,756.0,2
237,0,54,108,328,1,1,52,0,206,21,0,349,237,4,0,208,0,0,0,0,146,328,202,0,0,0,0,0,0,299,134,1,8,289,387,364,1,209,172,175,913.0,1
238,1,78,113,16,1,76,45,0,110,64,1,346,238,9,0,141,0,0,0,0,364,344,212,0,1,0,1,0,0,304,194,0,2,282,118,382,0,15,186,163,925.0,0
239,0,285,60,41,0,163,13,0,4,61,1,379,239,7,0,296,0,0,0,0,383,187,225,0,1,0,1,0,0,11,121,0,0,304,267,187,0,148,186,7,41.0,0
240,0,169,371,365,1,171,49,0,245,42,1,74,240,2,0,334,0,0,0,0,347,349,32,0,0,0,0,0,0,82,205,1,2,129,138,367,1,48,44,175,260.0,1
241,0,60,257,282,1,52,44,0,377,24,0,275,241,2,0,202,0,0,0,1,52,34,361,0,0,0,1,0,0,176,149,0,1,120,57,11,1,139,93,175,563.0,0
242,0,229,315,378,0,259,94,0,328,17,1,218,242,0,0,26,0,0,0,1,269,274,48,0,1,0,1,0,0,152,58,0,9,143,28,2,1,183,84,175,490.0,0
243,1,60,332,81,1,35,60,0,302,98,1,67,243,8,0,229,0,0,0,0,230,286,376,0,1,1,1,0,0,48,100,1,8,199,268,60,0,224,186,29,161.0,1
244,1,233,63,338,1,375,2,0,104,25,0,26,244,3,0,368,0,0,0,0,300,16,150,0,1,1,1,0,0,219,361,2,0,221,343,200,0,36,186,124,716.0,2
245,1,128,85,203,1,144,54,0,117,5,0,334,245,4,0,212,0,0,0,0,262,352,60,0,0,0,1,0,0,249,206,1,0,188,380,163,0,176,186,138,794.0,1
246,0,161,269,265,0,263,4,0,226,54,1,232,246,1,0,106,0,0,0,0,182,309,146,0,0,1,1,0,0,32,26,2,2,55,313,87,1,141,16,175,101.0,2
247,1,22,323,208,1,382,73,0,159,76,1,108,247,1,0,209,0,0,0,1,275,384,216,0,0,1,1,0,0,186,155,2,1,80,316,314,0,208,186,108,596.0,2
248,1,49,70,147,1,114,65,0,251,15,1,57,248,9,0,114,0,0,0,0,335,346,170,0,1,0,1,0,0,224,173,1,6,288,288,263,0,96,186,127,736.0,1
249,0,98,369,90,1,249,40,0,46,36,1,199,249,6,0,283,0,0,0,0,348,261,317,0,0,1,0,0,0,180,4,1,2,231,129,131,0,133,186,105,574.0,1
250,0,9,302,139,0,342,72,0,393,77,1,280,250,0,0,142,0,0,0,0,129,190,374,0,1,0,0,0,0,301,69,1,4,16,241,41,0,78,186,161,917.0,1
251,1,251,375,374,0,129,23,0,373,28,0,118,251,7,0,381,0,0,0,1,190,47,250,0,0,1,1,0,0,111,197,0,9,196,106,114,0,192,186,60,341.0,0
252,0,159,83,233,0,93,75,0,141,79,1,112,252,0,0,336,0,0,0,0,39,54,288,0,0,1,1,0,0,1,178,1,6,394,278,375,1,172,0,175,20.0,1
253,0,100,361,24,1,79,18,0,87,77,0,150,253,9,0,6,0,0,0,0,31,201,145,0,0,0,0,0,0,263,146,0,8,32,166,393,1,113,146,175,825.0,0
254,1,58,275,386,0,137,87,0,289,94,1,382,254,4,0,274,0,0,0,1,47,206,266,0,0,1,0,0,0,149,47,1,1,364,40,334,1,215,83,175,474.0,1
255,1,281,218,106,1,19,44,0,258,64,0,294,255,6,0,295,0,0,0,1,22,142,356,0,1,1,1,0,0,112,198,1,5,26,212,5,0,44,186,61,342.0,1
256,0,315,296,334,0,120,73,0,199,22,1,169,256,7,0,138,0,0,0,0,362,135,16,0,0,1,1,0,0,22,305,1,7,262,336,123,1,63,12,175,78.0,1
257,1,229,301,195,1,341,34,0,73,30,0,297,257,1,0,206,0,0,0,1,162,365,91,0,0,0,0,0,0,44,245,0,3,277,282,176,0,140,186,27,139.0,0
258,0,134,147,31,1,130,43,0,101,41,0,201,258,0,0,190,0,0,0,1,168,339,273,0,1,0,0,0,0,216,375,0,5,190,157,330,0,119,186,123,699.0,0
259,1,24,277,70,1,299,14,0,99,79,0,344,259,6,0,284,0,0,0,0,115,304,351,0,0,1,1,0,0,200,202,0,1,247,376,384,1,19,109,175,640.0,0
260,1,174,182,22,1,305,18,0,348,43,0,106,260,8,0,57,0,0,0,0,53,271,247,0,0,1,1,0,0,2,309,0,4,311,82,156,0,89,186,1,21.0,0
261,0,37,288,12,1,181,26,0,331,57,1,202,261,5,0,171,0,0,0,0,127,277,173,0,1,1,0,0,0,0,54,1,9,259,355,331,0,57,186,0,13.0,1
262,1,265,200,204,1,277,5,0,5,59,1,358,262,1,0,47,0,0,0,0,110,48,332,0,0,0,0,0,0,148,284,0,9,374,202,190,0,83,186,82,470.0,0
263,0,212,114,116,1,146,30,0,372,1,0,79,263,0,0,166,0,0,0,1,165,235,112,0,1,1,1,0,0,52,320,2,1,153,76,225,0,221,186,31,183.0,2
264,1,240,274,125,0,32,86,0,24,4,1,109,264,6,0,85,0,0,0,1,205,64,108,0,0,1,1,0,0,142,90,1,4,284,359,116,1,55,77,175,454.0,1
265,1,231,89,345,0,318,49,0,127,49,1,246,265,0,0,115,0,0,0,1,344,108,267,0,1,1,1,0,0,273,336,0,2,17,48,361,1,170,152,175,850.0,0
266,1,263,265,69,1,84,62,0,212,40,0,5,266,3,0,306,0,0,0,0,213,257,109,0,0,1,0,0,0,231,3,0,8,192,38,284,1,205,128,175,753.0,0
267,0,26,158,215,1,276,54,0,128,65,1,170,267,4,0,98,0,0,0,0,45,130,40,0,0,1,1,0,0,209,37,0,1,205,43,209,1,58,115,175,682.0,0
268,0,70,216,144,0,149,35,0,255,71,1,143,268,3,0,367,0,0,0,0,242,332,79,0,0,0,0,0,0,325,74,2,3,264,260,240,1,37,185,175,1000.0,2
269,1,319,128,317,1,27,52,0,50,9,1,14,269,5,0,172,0,0,0,1,24,273,4,0,1,1,1,0,0,115,176,1,0,330,397,213,1,169,62,175,354.0,1
270,1,225,86,132,1,376,89,0,311,79,0,276,270,4,0,63,0,0,0,0,294,46,123,0,0,1,1,0,0,230,279,2,8,250,153,390,1,168,127,175,750.0,2
271,0,148,138,295,1,83,23,0,337,79,1,307,271,9,0,314,0,0,0,0,131,305,359,0,1,0,1,0,0,242,258,2,8,299,64,177,1,151,132,175,786.0,2
272,1,91,227,26,1,102,77,0,157,78,0,386,272,2,0,343,0,0,0,0,356,107,292,0,1,0,1,0,0,266,86,1,0,127,333,142,1,76,148,175,829.0,1
273,1,255,96,307,0,344,72,0,253,73,0,299,273,7,0,272,0,0,0,0,325,3,116,0,1,0,1,0,0,113,371,0,0,213,271,250,0,46,186,62,347.0,0
274,1,217,80,336,0,196,76,0,304,16,1,319,274,4,0,23,0,0,0,0,380,157,63,0,0,1,1,0,0,76,239,1,3,146,102,77,1,17,40,175,251.0,1
275,0,35,342,25,0,4,26,0,322,85,0,182,275,7,0,302,0,0,0,0,176,60,295,0,0,1,1,0,0,151,124,0,8,397,233,396,0,154,186,84,480.0,0
276,0,14,66,343,0,170,51,0,42,74,1,187,276,4,0,298,0,0,0,1,379,160,368,0,1,0,0,0,0,124,243,1,1,298,314,372,0,108,186,70,391.0,1
277,0,30,176,241,1,278,19,0,66,39,1,175,277,6,0,322,0,0,0,1,303,200,229,0,1,1,0,0,0,285,49,1,9,292,132,283,1,100,160,175,887.0,1
278,0,59,48,137,0,2,76,0,155,63,0,323,278,3,0,147,0,0,0,0,71,367,37,0,0,0,0,0,0,129,346,1,2,361,100,243,0,0,186,72,412.0,1
279,1,67,134,249,1,0,56,0,60,1,0,380,279,1,0,43,0,0,0,0,34,390,367,0,0,0,0,0,0,235,41,0,1,348,289,227,0,58,186,132,766.0,0
280,0,114,260,143,0,251,41,0,321,9,0,316,280,3,0,339,0,0,0,0,276,86,119,0,1,0,1,0,0,8,298,1,6,10,295,241,1,138,5,175,30.0,1
281,0,258,230,95,0,210,18,0,262,52,1,184,281,5,0,313,0,0,0,1,191,330,104,0,1,1,0,0,0,280,342,0,8,5,203,76,1,86,155,175,874.0,0
282,1,56,140,255,1,260,61,0,38,24,1,381,282,4,0,162,0,0,0,0,0,27,279,0,1,1,0,0,0,258,15,0,4,33,168,304,0,197,186,144,811.0,0
283,1,162,211,364,1,169,39,0,376,48,0,262,283,8,0,315,0,0,0,0,334,363,135,0,0,1,0,0,0,183,308,2,2,194,243,242,1,212,99,175,582.0,2
284,0,2,57,189,0,222,41,0,288,33,0,270,284,5,0,129,0,0,0,0,147,202,278,0,1,0,1,0,0,227,151,0,7,35,77,79,0,142,186,129,744.0,0
285,0,33,77,221,1,322,35,0,12,44,1,261,285,6,0,112,0,0,0,0,284,217,7,0,0,1,1,0,0,312,66,1,9,296,393,162,0,206,186,170,952.0,1
286,1,203,32,175,1,324,86,0,188,64,1,226,286,5,0,226,0,0,0,0,277,317,203,0,1,1,1,0,0,104,11,0,9,208,97,359,0,173,186,55,320.0,0
287,1,119,239,156,0,393,10,0,61,72,0,122,287,1,0,49,0,0,0,1,243,101,215,0,0,1,1,0,0,188,191,2,7,306,110,321,1,222,103,175,599.0,2
288,1,194,237,196,1,75,69,0,53,87,0,80,288,3,0,352,0,0,0,1,252,316,282,0,1,0,1,0,0,118,193,0,2,91,223,67,0,77,186,65,379.0,0
289,1,278,38,127,1,295,76,0,274,14,0,132,289,4,0,38,0,0,0,1,85,391,354,0,0,1,0,0,0,73,93,2,1,132,334,9,1,223,37,175,242.0,2
290,0,239,380,232,1,190,75,0,219,37,1,236,290,3,0,393,0,0,0,1,6,127,27,0,0,1,1,0,0,271,287,0,2,321,381,128,0,180,186,150,841.0,0
291,1,65,393,120,0,351,48,0,138,51,1,135,291,8,0,291,0,0,0,1,314,333,307,0,0,0,0,0,0,97,126,2,2,183,55,342,1,8,54,175,296.0,2
292,0,262,44,259,1,355,53,0,183,79,1,271,292,3,0,29,0,0,0,0,103,36,270,0,0,0,0,0,0,267,315,0,9,90,204,355,1,199,149,175,830.0,0
293,1,272,300,164,1,245,80,0,213,20,0,326,293,0,0,286,0,0,0,0,180,343,265,0,0,0,0,0,0,116,85,1,9,140,161,325,1,79,63,175,369.0,1
294,1,1,8,36,1,329,10,0,229,80,1,167,294,5,0,196,0,0,0,0,336,103,33,0,0,1,0,0,0,219,292,1,2,4,262,62,0,142,186,124,716.0,1
295,1,276,120,207,0,160,42,0,217,69,0,188,295,9,0,62,0,0,0,1,219,65,72,0,1,0,0,0,0,159,40,2,4,269,27,291,1,188,86,175,521.0,2
296,0,206,9,391,0,373,10,0,244,85,0,84,296,9,0,235,0,0,0,1,270,72,198,0,1,1,0,0,0,136,268,1,2,122,90,324,0,156,186,77,435.0,1
297,0,92,372,40,1,233,50,0,75,30,1,266,297,2,0,204,0,0,0,0,154,250,239,0,0,0,0,0,0,220,204,0,5,224,186,251,0,111,186,125,717.0,0
298,0,285,67,341,0,347,71,0,281,72,1,385,298,5,0,125,0,0,0,1,170,234,352,0,1,0,0,0,0,103,104,1,2,77,347,159,1,169,58,175,316.0,1
299,1,42,311,6,1,131,56,0,317,34,0,324,299,5,0,72,0,0,0,1,152,182,90,0,1,1,1,0,0,313,238,0,3,13,30,44,1,75,177,175,954.0,0
300,1,23,357,333,0,191,92,0,51,59,1,378,300,6,0,371,0,0,0,1,60,42,206,0,1,0,1,0,0,87,8,1,3,1,354,23,1,38,48,175,279.0,1
301,0,143,291,49,0,346,91,0,306,7,1,192,301,9,0,219,0,0,0,0,17,300,231,0,0,0,1,0,0,25,310,0,7,380,310,98,0,174,186,15,87.0,0
302,0,53,314,276,1,211,74,0,200,48,0,131,302,9,0,9,0,0,0,1,330,14,26,0,1,0,0,0,0,223,199,1,7,102,167,38,1,122,123,175,731.0,1
303,0,206,235,122,1,378,67,0,11,56,1,234,303,4,0,248,0,0,0,0,95,43,176,0,0,0,0,0,0,28,362,1,1,344,372,118,0,147,186,18,94.0,1
304,0,94,391,321,1,82,78,0,389,95,0,371,304,5,0,256,0,0,0,0,128,388,50,0,0,1,0,0,0,293,50,0,5,3,163,337,1,194,167,175,906.0,0
305,1,40,199,192,0,117,44,0,215,81,0,230,305,8,0,243,0,0,0,0,4,380,260,0,1,1,0,0,0,127,209,1,0,307,205,126,1,161,69,175,408.0,1
306,0,11,276,395,1,327,63,0,100,57,0,303,306,9,0,104,0,0,0,0,148,56,199,0,0,0,0,0,0,197,203,1,4,125,133,0,0,120,186,113,632.0,1
307,0,70,306,105,0,266,48,0,139,78,1,87,307,5,0,34,0,0,0,0,214,249,207,0,1,0,1,0,0,121,72,1,0,168,251,272,1,174,65,175,386.0,1
308,0,201,253,117,0,158,57,0,259,22,1,348,308,6,0,199,0,0,0,0,256,354,177,0,1,0,0,0,0,254,97,2,0,294,74,256,1,121,139,175,803.0,2
309,1,180,232,167,0,275,10,0,270,64,0,298,309,8,0,154,0,0,0,0,264,28,378,0,1,0,1,0,0,321,348,1,3,219,32,280,1,180,182,175,987.0,1
310,1,304,243,264,1,97,84,0,98,38,1,336,310,8,0,182,0,0,0,0,94,382,281,0,1,0,1,0,0,211,297,0,3,113,131,383,0,82,186,119,690.0,0
311,0,275,5,34,0,20,75,0,25,44,0,320,311,2,0,379,0,0,0,0,374,341,169,0,0,1,0,0,0,9,291,1,1,232,329,83,0,206,186,5,31.0,1
312,1,126,273,92,0,361,60,0,211,50,1,193,312,8,0,51,0,0,0,0,62,197,12,0,0,1,0,0,0,324,52,0,6,356,311,301,0,112,186,174,991.0,0
313,0,78,49,197,1,348,33,0,190,21,1,359,313,4,0,373,0,0,0,1,245,278,168,0,0,0,1,0,0,162,340,0,9,376,231,85,1,75,87,175,530.0,0
314,0,57,177,59,0,193,24,0,15,98,1,85,314,5,0,1,0,0,0,1,299,213,253,0,0,1,1,0,0,256,187,1,2,315,263,121,0,15,186,143,806.0,1
315,0,131,345,287,1,179,26,0,242,80,0,398,315,2,0,273,0,0,0,0,150,256,54,0,0,1,0,0,0,79,110,0,8,354,237,202,1,209,43,175,254.0,0
316,0,120,175,290,0,13,68,0,224,29,1,189,316,0,0,170,0,0,0,1,184,77,148,0,0,0,1,0,0,307,56,1,0,327,199,89,0,83,186,166,941.0,1
317,1,215,43,33,0,3,54,0,79,64,1,104,317,6,0,347,0,0,0,0,89,150,235,0,0,0,0,0,0,171,24,2,8,206,14,204,0,51,186,99,550.0,2
318,1,148,164,15,0,214,53,0,214,76,0,212,318,3,0,218,0,0,0,1,142,233,344,0,0,1,0,0,0,166,14,0,8,62,200,293,0,6,186,96,538.0,0
319,0,85,333,315,0,17,96,0,379,77,1,384,319,9,0,390,0,0,0,1,288,17,74,0,1,1,1,0,0,158,6,1,4,320,16,95,0,217,186,90,518.0,1
320,0,93,278,376,1,91,23,0,268,53,0,223,320,1,0,94,0,0,0,0,286,170,97,0,1,1,1,0,0,107,365,0,1,52,111,45,0,29,186,57,328.0,0
321,0,266,340,168,1,44,29,0,134,61,1,251,321,5,0,329,0,0,0,0,285,227,128,0,0,1,0,0,0,302,247,2,3,174,280,268,1,166,173,175,919.0,2
322,1,256,95,354,0,262,25,0,249,54,1,367,322,5,0,213,0,0,0,0,226,242,25,0,1,0,0,0,0,78,289,0,0,193,356,122,1,19,42,175,253.0,0
323,1,296,91,88,0,81,48,0,178,2,1,107,323,5,0,131,0,0,0,1,153,51,341,0,1,1,1,0,0,261,280,0,5,67,147,360,1,181,144,175,817.0,0
324,0,205,335,353,0,147,48,0,108,13,0,88,324,7,0,376,0,0,0,0,373,259,162,0,0,1,1,0,0,92,350,0,4,379,379,157,1,200,50,175,287.0,0
325,1,57,193,72,0,265,28,0,208,59,0,396,325,1,0,326,0,0,0,0,32,100,329,0,1,1,1,0,0,38,248,0,4,233,398,172,0,199,186,22,122.0,0
326,0,192,41,157,0,31,48,0,361,83,1,267,326,4,0,299,0,0,0,0,28,89,52,0,1,0,1,0,0,205,252,2,6,58,29,42,0,167,186,118,653.0,2
327,1,243,47,285,0,271,6,0,342,85,0,206,327,2,0,157,0,0,0,1,311,361,121,0,0,1,1,0,0,306,224,1,9,88,386,145,1,138,174,175,937.0,1
328,1,47,33,382,1,274,38,0,143,46,1,181,328,4,0,5,0,0,0,1,267,180,56,0,1,1,0,0,0,223,135,2,5,9,50,31,0,23,186,126,731.0,2
329,1,89,206,332,1,250,1,0,292,67,1,164,329,2,0,290,0,0,0,0,343,208,311,0,0,1,1,0,0,208,329,2,1,246,105,49,1,89,114,175,681.0,2
330,0,169,221,380,0,232,74,0,19,10,0,111,330,1,0,337,0,0,0,1,255,68,343,0,1,1,1,0,0,260,208,2,8,322,41,233,0,118,186,145,815.0,2
331,0,306,163,97,0,182,31,0,293,12,0,151,331,4,0,124,0,0,0,0,74,71,200,0,0,1,1,0,0,48,125,0,9,29,340,64,1,129,25,175,161.0,0
332,1,20,21,224,1,151,1,0,238,7,1,309,332,7,0,200,0,0,0,1,357,124,6,0,0,0,1,0,0,98,358,1,9,359,143,106,1,160,55,175,297.0,1
333,1,247,45,152,1,162,3,0,278,74,0,83,333,0,0,64,0,0,0,0,261,11,167,0,1,1,0,0,0,59,167,0,2,151,249,117,1,156,33,175,209.0,0
334,0,156,240,30,1,242,4,0,41,79,0,115,334,7,0,398,0,0,0,0,346,266,302,0,0,0,0,0,0,222,306,1,6,273,211,286,1,5,122,175,724.0,1
335,1,80,287,160,0,313,51,0,319,3,0,293,335,1,0,281,0,0,0,0,211,337,290,0,0,1,0,0,0,278,337,0,3,222,225,199,0,49,186,154,868.0,0
336,1,282,72,385,0,335,85,0,345,95,0,296,336,1,0,386,0,0,0,1,280,258,65,0,0,0,1,0,0,109,79,1,4,258,72,388,0,33,186,58,334.0,1
337,0,234,112,85,0,185,54,0,175,31,0,368,337,7,0,105,0,0,0,0,376,121,73,0,1,1,1,0,0,178,80,2,8,57,281,148,1,149,95,175,566.0,2
338,1,63,396,217,1,377,77,0,309,47,1,72,338,7,0,195,0,0,0,1,328,302,101,0,0,0,0,0,0,56,106,2,0,42,226,298,1,29,30,175,190.0,2
339,1,28,350,368,1,54,52,0,116,60,1,237,339,5,0,236,0,0,0,0,186,138,249,0,1,1,0,0,0,206,256,2,8,305,17,65,1,195,112,175,658.0,2
340,1,294,295,86,0,174,94,0,158,71,0,225,340,5,0,242,0,0,0,0,231,335,208,0,0,0,0,0,0,241,164,2,6,38,52,21,0,10,186,137,782.0,2
341,0,74,167,300,0,44,14,0,103,47,1,216,341,1,0,65,0,0,0,0,2,145,98,0,0,0,0,0,0,6,277,2,6,323,146,346,1,196,3,175,27.0,2
342,1,153,224,55,0,319,82,0,209,1,1,204,342,4,0,331,0,0,0,0,260,125,371,0,1,0,0,0,0,176,218,1,9,48,173,73,1,175,93,175,563.0,1
343,1,295,261,397,0,33,36,0,266,46,0,219,343,0,0,82,0,0,0,1,5,283,240,0,1,1,1,0,0,270,113,2,0,283,78,119,0,54,186,149,833.0,2
344,0,32,79,293,0,61,95,0,121,33,0,51,344,4,0,203,0,0,0,0,354,23,184,0,1,1,0,0,0,272,101,0,1,220,46,345,0,201,186,151,846.0,0
345,0,225,181,246,1,176,90,0,132,81,1,350,345,7,0,118,0,0,0,0,68,252,259,0,1,1,0,0,0,40,63,0,0,39,216,78,0,179,186,23,128.0,0
346,1,114,178,359,1,227,46,0,180,9,1,91,346,6,0,0,0,0,0,0,83,26,321,0,1,0,0,0,0,10,275,1,1,175,235,28,0,192,186,6,33.0,1
347,1,146,2,220,0,159,22,0,78,52,1,243,347,3,0,323,0,0,0,1,194,279,244,0,0,0,1,0,0,119,192,1,5,121,275,178,0,43,186,66,380.0,1
348,0,70,34,209,0,188,28,0,156,22,1,61,348,9,0,79,0,0,0,0,97,79,255,0,0,1,0,0,0,10,330,0,4,22,298,311,1,182,6,175,33.0,0
349,1,183,289,296,0,125,18,0,294,33,0,347,349,7,0,378,0,0,0,1,208,76,102,0,0,0,0,0,0,306,380,0,8,124,252,260,0,106,186,165,937.0,0
350,1,71,145,28,0,72,33,0,299,26,1,55,350,6,0,342,0,0,0,1,229,376,153,0,0,1,1,0,0,286,397,2,3,371,93,336,1,17,161,175,889.0,2
351,0,145,105,210,0,283,71,0,170,93,0,311,351,2,0,164,0,0,0,1,76,133,9,0,1,0,0,0,0,192,186,2,1,133,70,296,0,132,186,110,610.0,2
352,0,257,197,2,0,14,91,0,265,29,1,65,352,1,0,7,0,0,0,0,175,294,15,0,1,1,0,0,0,114,78,2,2,309,5,201,0,191,186,63,352.0,2
353,0,293,156,179,0,63,24,0,96,72,0,172,353,1,0,261,0,0,0,1,92,272,213,0,0,1,1,0,0,247,246,1,7,203,184,149,1,32,137,175,792.0,1
354,1,300,27,236,0,247,81,0,184,43,0,240,354,8,0,180,0,0,0,0,118,218,195,0,1,1,0,0,0,62,132,1,9,195,303,101,0,230,186,35,217.0,1
355,0,298,245,242,0,357,12,0,9,29,0,86,355,5,0,158,0,0,0,1,369,105,136,0,0,1,0,0,0,60,48,1,3,180,91,198,1,178,34,175,212.0,1
356,1,171,192,52,1,106,71,0,163,2,1,173,356,0,0,96,0,0,0,0,289,117,172,0,0,1,0,0,0,123,102,1,8,131,51,381,0,56,186,69,389.0,1
357,0,96,161,67,0,356,38,0,286,48,0,269,357,8,0,271,0,0,0,0,133,18,49,0,0,0,1,0,0,146,236,1,4,261,11,143,0,19,186,81,464.0,1
358,1,41,328,83,0,285,9,0,312,7,1,133,358,3,0,161,0,0,0,0,371,358,355,0,1,0,1,0,0,81,295,2,7,278,245,24,0,89,186,47,257.0,2
359,1,286,160,324,1,150,11,0,374,29,0,233,359,9,0,40,0,0,0,1,177,57,20,0,0,0,1,0,0,219,378,0,7,318,139,230,1,151,120,175,716.0,0
360,0,283,334,13,1,41,58,0,136,4,1,220,360,8,0,370,0,0,0,0,215,70,69,0,0,0,1,0,0,99,129,0,7,295,171,175,1,209,56,175,301.0,0
361,1,267,55,118,1,153,92,0,320,81,1,124,361,6,0,366,0,0,0,0,142,166,153,0,0,1,1,0,0,43,91,1,8,310,164,276,0,20,186,26,134.0,1
362,0,202,250,181,0,50,70,0,160,83,1,222,362,1,0,344,0,0,0,0,323,393,182,0,1,0,1,0,0,217,273,2,4,116,104,265,1,97,118,175,703.0,2
363,1,14,263,23,0,136,17,0,284,59,0,247,363,6,0,387,0,0,0,0,320,97,125,0,0,0,0,0,0,46,349,0,4,49,155,300,1,66,23,175,148.0,0
364,0,66,111,237,0,303,65,0,333,60,1,17,364,1,0,217,0,0,0,0,104,205,214,0,1,1,1,0,0,130,326,0,6,187,358,84,0,125,186,73,419.0,0
365,1,221,54,42,0,195,88,0,83,97,0,377,365,6,0,192,0,0,0,1,99,148,284,0,1,1,0,0,0,289,228,0,7,352,283,274,0,36,186,158,898.0,0
366,0,270,388,27,1,326,54,0,65,43,1,56,366,7,0,193,0,0,0,1,38,111,76,0,1,0,0,0,0,74,109,1,3,375,369,174,1,222,38,175,244.0,1
367,1,111,183,9,1,209,31,0,341,68,0,168,367,6,0,69,0,0,0,0,349,353,322,0,0,0,0,0,0,282,145,1,1,396,301,208,1,38,157,175,879.0,1
368,1,87,247,288,1,226,62,0,109,45,1,92,368,5,0,78,0,0,0,0,251,184,62,0,1,1,1,0,0,168,354,1,3,8,189,170,0,109,186,98,542.0,1
369,0,19,152,251,0,58,0,0,93,97,0,71,369,7,0,15,0,0,0,0,339,209,296,0,1,0,0,0,0,194,87,2,5,27,273,309,0,50,186,112,612.0,2
370,1,69,355,337,1,328,7,0,2,5,1,339,370,0,0,119,0,0,0,1,350,141,10,0,1,0,0,0,0,44,81,2,6,204,378,261,0,14,186,27,139.0,2
371,0,64,90,309,1,116,38,0,399,43,1,291,371,8,0,150,0,0,0,1,19,296,58,0,0,1,0,0,0,294,332,0,7,78,399,281,1,64,168,175,907.0,0
372,1,216,126,381,1,78,59,0,112,1,0,40,372,5,0,108,0,0,0,1,287,374,140,0,1,1,0,0,0,204,140,1,4,64,180,144,1,227,111,175,652.0,1
373,0,16,252,198,1,127,20,0,385,49,1,393,373,0,0,292,0,0,0,1,1,348,271,0,0,1,0,0,0,234,244,2,4,171,92,57,1,138,130,175,762.0,2
374,0,60,7,84,1,134,3,0,31,86,0,76,374,7,0,175,0,0,0,0,278,158,209,0,1,1,1,0,0,100,230,0,9,164,35,295,1,147,57,175,302.0,0
375,1,185,157,339,1,161,78,0,210,82,1,20,375,2,0,146,0,0,0,0,195,195,289,0,0,1,0,0,0,30,161,2,7,145,246,386,1,128,14,175,97.0,2
376,1,297,292,64,0,49,39,0,151,13,1,50,376,1,0,134,0,0,0,1,149,301,133,0,0,0,0,0,0,37,211,1,8,166,389,341,0,11,186,21,121.0,1
377,0,280,244,161,0,317,44,0,62,8,0,45,377,5,0,46,0,0,0,0,42,10,248,0,1,1,0,0,0,199,324,2,6,333,219,259,1,86,108,175,639.0,2
378,1,95,100,129,1,223,35,0,148,65,1,163,378,6,0,74,0,0,0,0,187,41,375,0,1,0,1,0,0,212,148,0,3,317,285,399,0,21,186,120,694.0,0
379,1,198,37,388,0,202,17,0,369,39,0,141,379,3,0,177,0,0,0,1,326,173,336,0,0,0,1,0,0,265,195,1,5,176,244,348,1,158,147,175,827.0,1
380,0,231,307,252,0,333,27,0,80,88,1,59,380,3,0,316,0,0,0,1,15,87,118,0,1,1,0,0,0,50,61,2,5,85,191,36,1,190,27,175,172.0,2
381,0,13,384,344,0,270,46,0,349,23,0,178,381,9,0,132,0,0,0,0,199,143,5,0,0,0,1,0,0,4,374,0,5,381,68,269,1,35,2,175,24.0,0
382,1,209,123,4,1,325,90,0,196,35,1,120,382,4,0,167,0,0,0,0,237,194,51,0,1,1,0,0,0,161,117,2,0,237,360,212,0,46,186,92,529.0,2
383,1,132,298,123,1,192,67,0,115,3,0,306,383,3,0,80,0,0,0,0,355,324,39,0,1,1,1,0,0,91,369,2,3,314,117,59,1,10,49,175,286.0,2
384,1,3,172,77,0,218,40,0,380,76,0,165,384,1,0,267,0,0,0,0,247,318,88,0,1,0,0,0,0,148,339,0,2,223,348,326,1,131,82,175,470.0,0
385,1,261,4,286,1,395,10,0,276,59,0,229,385,6,0,300,0,0,0,0,134,6,86,0,1,0,0,0,0,84,89,1,2,6,224,133,0,91,186,48,276.0,1
386,1,200,326,205,0,230,78,0,248,21,0,211,386,4,0,168,0,0,0,0,96,165,340,0,0,0,1,0,0,53,30,0,5,339,134,152,0,104,186,32,185.0,0
387,0,11,370,61,1,12,65,0,97,83,0,36,387,1,0,257,0,0,0,1,232,178,175,0,0,1,0,0,0,262,304,1,6,378,187,203,1,218,145,175,823.0,1
388,1,274,116,18,1,124,62,0,363,5,0,39,388,6,0,133,0,0,0,0,353,207,2,0,1,1,0,0,0,7,45,0,7,68,45,183,1,218,4,175,28.0,0
389,0,163,101,56,0,113,69,0,118,38,1,24,389,3,0,333,0,0,0,0,206,151,303,0,0,0,0,0,0,58,111,1,6,267,341,138,1,62,32,175,205.0,1
390,0,307,233,310,1,298,86,0,390,52,0,130,390,8,0,61,0,0,0,1,224,30,92,0,0,0,1,0,0,29,25,2,2,265,158,207,0,146,186,19,96.0,2
391,0,50,144,135,1,53,29,0,161,41,0,244,391,3,0,21,0,0,0,0,11,298,228,0,0,1,1,0,0,36,7,0,3,99,192,339,1,120,19,175,119.0,0
392,0,84,191,340,0,337,88,0,69,57,0,228,392,2,0,239,0,0,0,1,337,29,45,0,1,1,1,0,0,287,9,2,4,212,276,290,0,191,186,157,891.0,2
393,1,254,264,373,0,330,9,0,397,36,1,41,393,3,0,311,0,0,0,0,319,24,147,0,0,0,0,0,0,63,76,2,9,87,236,308,0,226,186,36,218.0,2
394,1,83,25,150,0,389,25,0,318,10,1,375,394,6,0,247,0,0,0,1,81,214,377,0,0,1,1,0,0,143,20,0,1,95,390,196,1,152,78,175,457.0,0
395,0,270,217,184,1,384,33,0,368,21,1,129,395,8,0,211,0,0,0,0,257,262,93,0,1,0,0,0,0,201,88,0,4,200,59,139,0,75,186,115,644.0,0
396,0,193,325,170,0,118,19,0,355,92,1,90,396,4,0,12,0,0,0,1,35,357,105,0,1,1,1,0,0,71,318,0,3,126,7,365,0,101,186,43,236.0,0
397,1,271,88,306,0,11,86,0,313,14,0,301,397,8,0,71,0,0,0,1,77,240,156,0,0,0,0,0,0,239,392,1,4,211,384,229,0,115,186,135,780.0,1
398,1,213,220,235,1,372,76,0,339,23,1,259,398,9,0,36,0,0,0,1,54,39,71,0,1,1,1,0,0,322,390,0,8,210,221,46,1,22,183,175,988.0,0
399,0,318,308,80,0,290,77,0,174,70,0,140,399,0,0,293,0,0,0,1,340,99,171,0,0,1,1,0,0,34,241,0,5,53,121,292,0,201,186,20,111.0,0
