[
  {
    "purpose_name": "Stocks",
    "total_saving": 15000,
    "has_saving": 3000,
    "left_saving": 12000,
    "percent_saving": 20,
    "month_duration": 6
  },
  {
    "purpose_name": "Mutual funds",
    "total_saving": 10000,
    "has_saving": 8000,
    "left_saving": 2000,
    "percent_saving": 80,
    "month_duration": 12
  },
  {
    "purpose_name": "ETFs",
    "total_saving": 20000,
    "has_saving": 0,
    "left_saving": 20000,
    "percent_saving": 0,
    "month_duration": 8
  },
  {
    "purpose_name": "Loans",
    "total_saving": 10000,
    "has_saving": 5000,
    "left_saving": 5000,
    "percent_saving": 50,
    "month_duration": 24
  },
  {
    "purpose_name": "Bonds",
    "total_saving": 15000,
    "has_saving": 10000,
    "left_saving": 5000,
    "percent_saving": 66.67,
    "month_duration": 10
  },
  {
    "purpose_name": "Gold",
    "total_saving": 25000,
    "has_saving": 20000,
    "left_saving": 5000,
    "percent_saving": 80,
    "month_duration": 12
  },
  {
    "purpose_name": "Retirement",
    "total_saving": 500000,
    "has_saving": 300000,
    "left_saving": 200000,
    "percent_saving": 60,
    "month_duration": 60
  }
]
