[
  {
    "name": "Mohit Sharma",
    "photoURL": "https://i.pinimg.com/564x/d9/56/9b/d9569bbed4393e2ceb1af7ba64fdf86a.jpg",
    "status": true,
    "dateTransfer": "Earned stock profits",
    "timeTransfer": "",
    "totalMoney": 100.5
  },
  {
    "name": "Karanbir alhuwalia",
    "photoURL": "https://media.sproutsocial.com/uploads/2022/06/profile-picture.jpeg",
    "status": false,
    "dateTransfer": "Bought mutual funds",
    "timeTransfer": "",
    "totalMoney": 3000
  },
  {
    "name": "Kunal Singh",
    "photoURL": "https://e0.pxfuel.com/wallpapers/105/23/desktop-wallpaper-compromised-character-gaming-profile-dark-cute-cartoon-boys.jpg",
    "status": true,
    "dateTransfer": "Earned profits through ETFs",
    "timeTransfer": "",
    "totalMoney": 150.8
  },
  {
    "name": "Suman",
    "photoURL": "https://cdn4.sharechat.com/img_643850_12a620d7_1668308640878_sc.jpg",
    "status": false,
    "dateTransfer": "Bought ETFs",
    "timeTransfer": "",
    "totalMoney": 4000
  },
  {
    "name": "Arun Rawat",
    "photoURL": "https://imgv3.fotor.com/images/blog-cover-image/10-profile-picture-ideas-to-make-you-stand-out.jpg",
    "status": false,
    "dateTransfer": "Purchased an SIP",
    "timeTransfer": "",
    "totalMoney": 2000
  },
  {
    "name": "SP agarwal",
    "photoURL": "https://images.pexels.com/photos/220453/pexels-photo-220453.jpeg",
    "status": false,
    "dateTransfer": "Started Life Insurance",
    "timeTransfer": "",
    "totalMoney": 12000.0
  },
  {
    "name": "Madhusudhan",
    "photoURL": "https://images.pexels.com/photos/709783/pexels-photo-709783.jpeg",
    "status": false,
    "dateTransfer": "Bought Gold Bonds",
    "timeTransfer": "10:30",
    "totalMoney": 4500
  },
  {
    "name": "Sahil Gupta",
    "photoURL": "https://images.pexels.com/photos/842571/pexels-photo-842571.jpeg",
    "status": true,
    "dateTransfer": "Earned a dividend",
    "timeTransfer": "",
    "totalMoney": 180.9
  }
 
]